{"cameraMode":{"drawMode":0,"name":"Shaded","section":"Shading Mode"},"sceneLighting":false,"audioPlay":false,"sceneViewState":{"m_AlwaysRefresh":false,"showFog":false,"showSkybox":false,"showFlares":false,"showImageEffects":false,"showParticleSystems":false,"showVisualEffectGraphs":true,"m_FxEnabled":true},"in2DMode":false,"pivot":{"x":-0.029924869537353517,"y":1.1712195873260499,"z":-0.011879682540893555},"rotation":{"x":-0.07031041383743286,"y":0.11108678579330445,"z":-0.007879064418375492,"w":-0.9912894368171692},"size":1.433562159538269,"orthographic":false}