{"cameraMode":{"drawMode":0,"name":"Shaded","section":"Shading Mode"},"sceneLighting":true,"audioPlay":false,"sceneViewState":{"m_AlwaysRefresh":false,"showFog":true,"showSkybox":true,"showFlares":true,"showImageEffects":true,"showParticleSystems":true,"showVisualEffectGraphs":true,"m_FxEnabled":true},"in2DMode":false,"pivot":{"x":13.110750198364258,"y":-4.971723556518555,"z":37.41228103637695},"rotation":{"x":-0.22733168303966523,"y":0.28758326172828677,"z":-0.07047062367200852,"w":-0.9277136325836182},"size":30.290159225463868,"orthographic":false}