{"cameraMode":{"drawMode":0,"name":"Shaded","section":"Shading Mode"},"sceneLighting":true,"audioPlay":false,"sceneViewState":{"m_AlwaysRefresh":false,"showFog":true,"showSkybox":true,"showFlares":true,"showImageEffects":true,"showParticleSystems":true,"showVisualEffectGraphs":true,"m_FxEnabled":true},"in2DMode":false,"pivot":{"x":-4.768256187438965,"y":-0.12330937385559082,"z":-3.6283249855041506},"rotation":{"x":0.040441468358039859,"y":-0.8351367115974426,"z":0.06345006078481674,"w":0.5448718070983887},"size":10.007266998291016,"orthographic":false}