{"cameraMode":{"drawMode":0,"name":"Shaded","section":"Shading Mode"},"sceneLighting":false,"audioPlay":false,"sceneViewState":{"m_AlwaysRefresh":false,"showFog":true,"showSkybox":false,"showFlares":true,"showImageEffects":true,"showParticleSystems":true,"showVisualEffectGraphs":true,"m_FxEnabled":true},"in2DMode":false,"pivot":{"x":0.022303879261016847,"y":0.7498676776885986,"z":0.05936849117279053},"rotation":{"x":-0.07031041383743286,"y":0.11108678579330445,"z":-0.007879064418375492,"w":-0.9912894368171692},"size":1.41090989112854,"orthographic":false}