{"cameraMode":{"drawMode":0,"name":"Shaded","section":"Shading Mode"},"sceneLighting":true,"audioPlay":false,"sceneViewState":{"m_AlwaysRefresh":false,"showFog":true,"showSkybox":true,"showFlares":true,"showImageEffects":true,"showParticleSystems":true,"showVisualEffectGraphs":true,"m_FxEnabled":true},"in2DMode":false,"pivot":{"x":18.074769973754884,"y":-0.40171241760253909,"z":28.793315887451173},"rotation":{"x":-0.2289344072341919,"y":0.28469330072402956,"z":-0.07021549344062805,"w":-0.9282293915748596},"size":38.53670883178711,"orthographic":false}