{"cameraMode":{"drawMode":0,"name":"Shaded","section":"Shading Mode"},"sceneLighting":false,"audioPlay":false,"sceneViewState":{"m_AlwaysRefresh":false,"showFog":false,"showSkybox":false,"showFlares":false,"showImageEffects":false,"showParticleSystems":false,"showVisualEffectGraphs":true,"m_FxEnabled":true},"in2DMode":false,"pivot":{"x":0.4657372832298279,"y":1.3786635398864747,"z":0.09428954124450684},"rotation":{"x":-0.10664591193199158,"y":0.16240467131137849,"z":-0.017658984288573266,"w":-0.9807857871055603},"size":1.503248929977417,"orthographic":false}