{"cameraMode":{"drawMode":0,"name":"Shaded","section":"Shading Mode"},"sceneLighting":false,"audioPlay":false,"sceneViewState":{"m_AlwaysRefresh":false,"showFog":true,"showSkybox":false,"showFlares":true,"showImageEffects":true,"showParticleSystems":true,"showVisualEffectGraphs":true,"m_FxEnabled":true},"in2DMode":false,"pivot":{"x":-0.016844719648361207,"y":0.6385529637336731,"z":0.3627758026123047},"rotation":{"x":-0.2119942009449005,"y":0.3839237093925476,"z":-0.09103170037269592,"w":-0.8940792679786682},"size":1.2431979179382325,"orthographic":false}