{"cameraMode":{"drawMode":0,"name":"Shaded","section":"Shading Mode"},"sceneLighting":true,"audioPlay":false,"sceneViewState":{"m_AlwaysRefresh":false,"showFog":true,"showSkybox":true,"showFlares":true,"showImageEffects":true,"showParticleSystems":true,"showVisualEffectGraphs":true,"m_FxEnabled":true},"in2DMode":false,"pivot":{"x":1.2669316530227662,"y":-1.0083372592926026,"z":3.4665279388427736},"rotation":{"x":0.02709384076297283,"y":-0.8172491192817688,"z":0.03998377546668053,"w":0.5743117928504944},"size":0.7030817866325378,"orthographic":false}