{"cameraMode":{"drawMode":0,"name":"Shaded","section":"Shading Mode"},"sceneLighting":false,"audioPlay":false,"sceneViewState":{"m_AlwaysRefresh":false,"showFog":true,"showSkybox":false,"showFlares":true,"showImageEffects":true,"showParticleSystems":true,"showVisualEffectGraphs":true,"m_FxEnabled":true},"in2DMode":false,"pivot":{"x":0.00044792890548706055,"y":0.8375341892242432,"z":0.00539398193359375},"rotation":{"x":-0.2507535219192505,"y":0.25254106521606448,"z":-0.06794172525405884,"w":-0.9320571422576904},"size":1.4940659999847413,"orthographic":false}