{"cameraMode":{"drawMode":0,"name":"Shaded","section":"Shading Mode"},"sceneLighting":false,"audioPlay":false,"sceneViewState":{"m_AlwaysRefresh":false,"showFog":true,"showSkybox":false,"showFlares":true,"showImageEffects":true,"showParticleSystems":true,"showVisualEffectGraphs":true,"m_FxEnabled":true},"in2DMode":false,"pivot":{"x":0.00891469419002533,"y":0.8326577544212341,"z":0.10890263319015503},"rotation":{"x":-0.28466278314590456,"y":0.3374255895614624,"z":-0.1078300029039383,"w":-0.8907774686813355},"size":1.0811481475830079,"orthographic":false}